event_id,scenario,scenario_label,n_station_used,radius_km,density_per_10000km2,nearest_epicentral_distance_km,median_epicentral_distance_km,q90_epicentral_distance_km,max_observed_intensity,mean_observed_intensity,station_count_within_10km,station_count_within_20km,station_count_within_50km,station_count_within_100km,station_nn_median_km,station_nn_mean_km,station_nn_q90_km
i2018_000842,current_2018_observed,2018 observed network,465,100.0,148.01409707546267,0.77796011967895,56.01081476134957,92.06873252029376,5.6,3.32,11,54,206,465,3.5595395872169378,3.8683900536742146,7.526960007582011
i2018_000842,counterfactual_1994_active,1994 active-site geometry,34,100.0,10.822536130248883,20.309930416824084,74.4280203365174,92.36465719042147,4.5,2.9294117647058817,0,0,9,34,15.322776102061326,16.862441134263147,26.131352377163985
i2018_000842,strict_1994_code_overlap,Strict 1994 code overlap,17,100.0,5.411268065124442,20.309930416824084,72.83291303171796,92.30656232394891,4.5,2.929411764705882,0,0,5,17,20.069988594921824,22.829586417043185,29.825240413266812
